CDTCCL,BLACK,250.0,250.0,400,0.002,0.0005,0.001,90,50,50,130,255,255,0,0,0,179,255,30,300,400,400,200,800,600
IDS,130.0,200.0,0.036,0.02,0.03
BCA,anticlockwise,80,55,75,100.0,100.0,200.0,-200.0,50,30.0,200.0,100,0,600,250,0,relative,0.036,0.012,0.03,風景プラ撮影１回目
DCL,650.0,400.0,290,0.002,0.0005,0.001,0,0,0,179,255,30,0,400,400,200,800,600
SL,50
BCA,anticlockwise,80,70,70,100.0,100.0,200.0,-200.0,50,30.0,200.0,100,0,600,250,3,relative,0.036,0.012,0.03,風景プラ撮影２回目
CDTCCL,BLUE,670.0,300.0,265,0.002,0.0005,0.001,90,50,50,130,255,255,0,0,0,179,255,30,0,400,450,200,800,600
SL,50
BCA,anticlockwise,80,70,70,100.0,100.0,200.0,-200.0,50,30.0,200.0,100,0,600,250,2,relative,0.036,0.012,0.03,風景プラ撮影３回目
SL,100
IMUR,10,70.0,anticlockwise,relative,0.036,0.012,0.03
DTCCL,250.0,200.0,300,0.002,0.0005,0.001,90,50,50,130,255,255,0,0,0,179,255,30,0,400,500,100,800,600
IMUR,10,70.0,clockwise,relative,0.036,0.012,0.03
SL,50
DCL,230.0,200.0,550,0.002,0.0005,0.001,0,0,0,179,255,30,200,400,600,200,800,600
MCA,75,70,70,0.0,0.0,0.0,0.0,clockwise,0,relative,ミニフィグ撮影１回目