DCL,250.0,300.0,400,0.002,0.0005,0.001,0,0,0,179,255,30,200,400,400,200,800,600
SL,50
BCA,clockwise,80,60,60,85.0,85.0,200.0,-200.0,50,30.0,200.0,200,0,400,150,0,relative,風景プラ撮影１回目
DCL,650.0,400.0,510,0.002,0.0005,0.001,0,0,0,179,255,30,300,400,400,200,800,600
SL,50
BCA,clockwise,80,75,60,90.0,90.0,200.0,-200.0,50,30.0,200.0,200,0,400,150,1,relative,風景プラ撮影２回目
CDCL,BLUE,690.0,300.0,500,0.002,0.0005,0.001,0,0,0,179,255,30,300,500,400,100,800,600
SL,50
BCA,clockwise,90,70,60,90.0,90.0,200.0,-200.0,50,30.0,200.0,200,0,400,150,2,relative,風景プラ撮影３回目
SL,50
IMUR,20,70,clockwise,relative,0.036,0.02,0.03
IDS,250.0,200.0,0.036,0.02,0.03
SL,50
DCL,200.0,200.0,310,0.002,0.0005,0.001,0,0,0,179,255,30,100,300,600,300,800,600
MCA,75,65,70,0.0,0.0,0.0,0.0,anticlockwise,0,relative,ミニフィグ撮影１回目
SL,50
DCL,420.0,200.0,310,0.002,0.0005,0.001,0,0,0,179,255,30,100,300,600,300,800,600
SL,50
MCA,80,70,70,0.0,0.0,0.0,0.0,anticlockwise,1,relative,ミニフィグ撮影２回目
SL,50
DCL,400.0,200.0,310,0.002,0.0005,0.001,0,0,0,179,255,30,100,300,600,300,800,600
SL,50
MCA,80,70,70,0.0,0.0,0.0,0.0,anticlockwise,2,relative,ミニフィグ撮影３回目
SL,50
CDCL,BLUE,420.0,200.0,360,0.002,0.0005,0.001,0,0,0,179,255,30,100,300,600,300,800,600
SL,50
MCA,80,60,70,0.0,0.0,0.0,0.0,anticlockwise,3,relative,ミニフィグ撮影４回目
SL,50
IMUR,30,70,anticlockwise,relative,0.036,0.02,0.03
IDS,200.0,200.0,0.036,0.02,0.03
DCL,300.0,300.0,470,0.002,0.0005,0.001,0,0,0,179,255,30,0,500,600,100,800,600
BCA,clockwise,80,70,70,90.0,90.0,200.0,-200.0,50,30.0,200.0,200,0,400,150,3,relative,風景プラ撮影４回目
DCL,400.0,300.0,470,0.002,0.0005,0.001,0,0,0,179,255,30,0,500,600,100,800,600