SL,50
DCL,420.0,200.0,580,0.002,0.0005,0.001,0,0,0,179,255,30,200,400,600,200,800,600
SL,50
MCA,80,75,70,0.0,0.0,0.0,0.0,clockwise,3,relative,ミニフィグ撮影２回目
SL,50
DCL,420.0,200.0,580,0.002,0.0005,0.001,0,0,0,179,255,30,200,400,600,200,800,600
SL,50
MCA,80,75,70,0.0,0.0,0.0,0.0,clockwise,2,relative,ミニフィグ撮影３回目
SL,50
DTCCL,430.0,200.0,580,0.002,0.0005,0.001,90,50,50,130,255,255,0,0,0,179,255,30,200,500,600,100,800,600
SL,50
MCA,80,80,70,0.0,0.0,0.0,0.0,clockwise,1,relative,ミニフィグ撮影４回目
SL,50
IMUR,15,80.0,clockwise,relative,0.036,0.012,0.03
DTCCL,220.0,300.0,150,0.002,0.0005,0.001,90,50,50,130,255,255,0,0,0,179,255,30,0,400,400,200,800,600
IMUR,15,80.0,anticlockwise,relative,0.036,0.012,0.03
DCL,400.0,300.0,410,0.002,0.0005,0.001,0,0,0,179,255,30,100,400,600,200,800,600
BCA,anticlockwise,80,70,70,100.0,100.0,200.0,-200.0,50,30.0,200.0,100,0,600,250,1,relative,0.036,0.012,0.03,風景プラ撮影４回目
CDTCCL,BLUE,400.0,250.0,250,0.002,0.0005,0.001,90,50,50,130,255,255,0,0,0,179,255,30,0,400,500,200,800,600
IMUR,10,80.0,anticlockwise,relative,0.036,0.012,0.03
DTCCL,250.0,300.0,500,0.002,0.0005,0.001,90,50,50,130,255,255,0,0,0,179,255,30,300,400,500,200,800,600
DCL,300.0,300.0,400,0.002,0.0005,0.001,0,0,0,179,255,30,300,0,300,200,800,600
DCL,500.0,250.0,400,0.002,0.0005,0.001,0,0,0,179,255,30,200,400,400,200,800,600