CDTCCL,BLACK,250.0,250.0,400,0.002,0.0005,0.001,90,50,50,130,255,255,0,0,0,179,255,30,100,400,400,200,800,600
IDS,130.0,200.0,0.036,0.02,0.03
BCA,clockwise,80,60,70,90.0,90.0,200.0,-200.0,50,30.0,200.0,200,0,400,150,0,relative,風景プラ撮影１回目
DCL,650.0,400.0,510,0.002,0.0005,0.001,0,0,0,179,255,30,300,400,400,200,800,600
SL,50
BCA,clockwise,80,75,70,90.0,90.0,200.0,-200.0,50,30.0,200.0,200,0,400,150,1,relative,風景プラ撮影２回目
CDTCCL,BLUE,690.0,300.0,520,0.002,0.0005,0.001,90,50,50,130,255,255,0,0,0,179,255,30,350,400,450,200,800,600
SL,50
BCA,clockwise,90,70,70,90.0,90.0,220.0,-220.0,50,30.0,200.0,200,0,400,150,2,relative,風景プラ撮影３回目
SL,50
DTCCL,150.0,200.0,500,0.002,0.0005,0.001,90,50,50,130,255,255,0,0,0,179,255,30,300,400,500,100,800,600
IDS,100.0,200.0,0.036,0.02,0.03
IMUR,10,80.0,anticlockwise,relative,0.036,0.012,0.03
SL,50
DCL,230.0,200.0,250,0.002,0.0005,0.001,0,0,0,179,255,30,0,400,600,200,800,600
MCA,75,70,70,0.0,0.0,0.0,0.0,anticlockwise,0,relative,ミニフィグ撮影１回目