IS,start
UDCL,71.0,700.0,390.0,400,0.002,0.0005,0.001,0,50,50,10,255,255,0,0,800,600,800,600
IMUR,130,60.0,anticlockwise,relative,0.036,0.012,0.03
DCL,800,450,150,0.002,0.0005,0.001,35,50,50,85,255,255,0,0,800,600,800,600,
IMUMR,280,60.0,0.036,0.012,0.03
PCIDS,500,300,0.08,0.02,0.04,100,45,45,130,245,245,0,0,800,600,800,600
DCL,110,200,400,0.002,0.0005,0.001,100,45,45,130,245,245,0,0,800,600,800,600
BLA,0.0,350.0,0.08,0.02,0.04,100,45,45,130,245,245,0,0,800,300,800,600
IDS,90,-300,0.08,0.02,0.04
IMUMR,335,60.0,0.036,0.012,0.03
IS,stop
IS,start
BTCA,1030.0,250.0,0.056,0.014,0.02,70.0,300,15,65.0,0.003,0.0001,0.0005,100,45,45,135,245,245,0,0,800,600,800,600,20,250,450,12
IMUMR,100,60.0,0.036,0.012,0.03
IS,stop
IS,start
PCIDS,1500,400,0.08,0.02,0.04,100,45,45,130,245,245,0,30,800,300,800,600
DCL,110,200,398,0.002,0.0005,0.001,100,45,45,130,245,245,0,0,800,150,800,600
BLA,50.0,350.0,0.08,0.02,0.04,100,45,45,130,245,245,0,0,800,300,800,600
IDS,140,-300,0.08,0.02,0.04
IMUMR,60,70.0,0.036,0.012,0.03
IDS,500,600,0.08,0.02,0.04
IMUMR,10,60.0,0.036,0.012,0.03
PCIDS,500,600,0.08,0.02,0.04,0,0,0,179,255,200,200,500,300,100,800,600
IDS,350,300,0.08,0.02,0.04
IMUMR,290,60.0,0.036,0.012,0.03
PCIDS,500,300,0.08,0.02,0.04,100,45,45,130,245,245,0,30,800,300,800,600
CDTCCL,BLUE,350.0,450.0,400,0.002,0.0005,0.001,110,50,50,130,255,255,0,0,0,179,255,370,200,400,400,200,800,600
IS,stop